model,variable,n,mae,bias,rmse
best_match,temp_f,1312,3.769932181641817,-0.7119206593410569,5.142544854829552
best_match,humidity_pct,1312,7.8762225332369695,0.7915895135240638,10.003350697644885
best_match,dewpoint_f,1312,3.192730970645597,-0.2182631215541827,4.385687188930753
best_match,wind_mph,1312,3.4213408541746344,3.3334529077898987,4.2531213574301345
best_match,gust_mph,1312,4.838368902439025,3.5602896341463417,6.789153697393312
best_match,pressure_abs_hpa,8897,2.1435476883126627,-1.2641762795222202,3.1639119620602654
best_match,precip_in,1726,0.0044733487833140215,-0.002309965237543453,0.04058518215345026
ecmwf_ifs025,temp_f,1312,3.5466842938184717,-0.5664938300727642,4.898672197090316
ecmwf_ifs025,humidity_pct,1312,7.426371624540808,0.417351708646015,10.374755011205062
ecmwf_ifs025,dewpoint_f,1312,2.9812780255369056,-0.6614033654566219,4.012287931849395
ecmwf_ifs025,wind_mph,1312,3.3497701578028907,3.2887120541313624,4.158787943631028
ecmwf_ifs025,gust_mph,1312,7.140472560975609,6.989634146341463,8.74732021682125
ecmwf_ifs025,pressure_abs_hpa,8897,1.4272762388695959,-0.46938028087098943,2.724663807632053
ecmwf_ifs025,precip_in,1726,0.006699304750869062,0.0011210892236384708,0.02514487570150293
gem_seamless,temp_f,1312,3.6990769890502766,0.07839946261016269,5.268616564345313
gem_seamless,humidity_pct,1312,8.374962490707329,-0.4035324376954484,11.706148676840092
gem_seamless,dewpoint_f,1312,2.9901917496376793,-0.5322875117980851,4.0598518566325925
gem_seamless,wind_mph,1312,2.4749042388527336,2.3393218102289235,2.9900749288963113
gem_seamless,gust_mph,1312,3.9644512195121955,1.8341463414634147,5.661797498554161
gem_seamless,pressure_abs_hpa,8897,1.2777170062286958,-0.2518799998773962,2.6833394537303645
gem_seamless,precip_in,1726,0.005402085747392817,-0.0008064889918887601,0.029546514578784842
gfs_hrrr,temp_f,1312,3.769932181641817,-0.7119206593410569,5.142544854829552
gfs_hrrr,humidity_pct,1312,7.8762225332369695,0.7915895135240638,10.003350697644885
gfs_hrrr,dewpoint_f,1312,3.192730970645597,-0.2182631215541827,4.385687188930753
gfs_hrrr,wind_mph,1312,3.4213408541746344,3.3334529077898987,4.2531213574301345
gfs_hrrr,gust_mph,1312,4.838368902439025,3.5602896341463417,6.789153697393312
gfs_hrrr,pressure_abs_hpa,8897,2.1435476883126627,-1.2641762795222202,3.1639119620602654
gfs_hrrr,precip_in,1726,0.0044733487833140215,-0.002309965237543453,0.04058518215345026
gfs_seamless,temp_f,1312,3.769932181641817,-0.7119206593410569,5.142544854829552
gfs_seamless,humidity_pct,1312,7.8762225332369695,0.7915895135240638,10.003350697644885
gfs_seamless,dewpoint_f,1312,3.192730970645597,-0.2182631215541827,4.385687188930753
gfs_seamless,wind_mph,1312,3.4213408541746344,3.3334529077898987,4.2531213574301345
gfs_seamless,gust_mph,1312,4.838368902439025,3.5602896341463417,6.789153697393312
gfs_seamless,pressure_abs_hpa,8897,2.1435476883126627,-1.2641762795222202,3.1639119620602654
gfs_seamless,precip_in,1726,0.0044733487833140215,-0.002309965237543453,0.04058518215345026
icon_seamless,temp_f,1312,4.211825941790423,-1.0343291959264227,5.462199295856734
icon_seamless,humidity_pct,1312,8.548515970838233,1.6749736598655272,11.270015840112094
icon_seamless,dewpoint_f,1312,2.817309201946798,-0.6527143410663779,3.7263030173027754
icon_seamless,wind_mph,1312,2.6403178110798255,2.5659224199850215,3.3001610287646312
icon_seamless,gust_mph,1312,5.658201219512195,5.174009146341464,7.646494573874534
icon_seamless,pressure_abs_hpa,8897,1.3401808351099973,-0.33187325603115614,2.699513157874745
icon_seamless,precip_in,1726,0.0053957126303592114,-0.0007526071842410194,0.02678902379819494
ncep_nbm_conus,temp_f,1312,3.994011947790804,-1.0597865129995934,5.162522885468245
ncep_nbm_conus,humidity_pct,1312,8.810017134343907,4.744333415963088,11.201411362352497
ncep_nbm_conus,dewpoint_f,1312,2.5436898825928003,0.6162643174702074,3.686074030784413
ncep_nbm_conus,wind_mph,1312,2.5567443441018356,2.3756022980338014,3.340676087119386
ncep_nbm_conus,gust_mph,1312,3.522850609756098,2.157621951219512,4.773138891552264
ncep_nbm_conus,precip_in,1726,0.006148319814600233,2.3174971031286554e-06,0.02634115250287288
