model,variable,lead_d,n,mae,bias
best_match,temp_f,1,1312,3.6969503262437757,1.1573628772443092
best_match,wind_mph,1,1312,4.647660674081646,4.615998639497216
best_match,gust_mph,1,1312,6.767713414634146,5.928963414634146
best_match,humidity_pct,1,1312,13.617079484434948,-11.427160486475938
best_match,temp_f,2,1312,4.995176259734174,-2.2414938300727645
best_match,wind_mph,2,1312,2.7420444049269754,2.656394980960631
best_match,gust_mph,2,1312,3.6367225609756098,1.3010670731707317
best_match,humidity_pct,2,1312,10.856181636158778,1.143723659865527
best_match,temp_f,3,1312,5.106920716876268,-2.4103200495849593
best_match,wind_mph,3,1312,2.5237519859539863,2.37453522486307
best_match,gust_mph,3,1312,3.720746951219512,0.7729420731707316
best_match,humidity_pct,3,1312,12.275669453770506,2.3487541476704052
best_match,temp_f,4,1312,5.445356739652031,-3.001173708121545
best_match,wind_mph,4,1312,2.6130847576838057,2.448544371204533
best_match,gust_mph,4,1312,3.910411585365854,1.1654725609756096
best_match,humidity_pct,4,1312,12.986645567721277,4.353327318402112
best_match,temp_f,5,1312,5.522707964226878,-2.9162651715361787
best_match,wind_mph,5,1312,2.6143773798484147,2.3887120541313624
best_match,gust_mph,5,1312,4.426661585365854,1.1971036585365853
best_match,humidity_pct,5,1312,12.687191301548285,3.0926565866947957
best_match,temp_f,6,1312,5.903949309633891,-2.7063566349508132
best_match,wind_mph,6,1312,2.55789598590179,2.3163035175459967
best_match,gust_mph,6,1312,4.543475609756098,0.9673780487804878
best_match,humidity_pct,6,1312,14.371336757392688,4.292351708646014
best_match,temp_f,7,1312,6.04274732597017,-2.970838342267886
best_match,wind_mph,7,1312,2.470789398209132,2.1661510785216067
best_match,gust_mph,7,1312,4.857606707317073,0.7272865853658536
best_match,humidity_pct,7,1312,14.595269946199789,4.0522602452313805
ecmwf_ifs025,temp_f,1,1312,3.6440145815798286,0.08754580407357723
ecmwf_ifs025,wind_mph,1,1312,3.479652027725701,3.4465626638874602
ecmwf_ifs025,humidity_pct,1,1312,8.296923006049955,-0.24652024257349725
ecmwf_ifs025,temp_f,2,1312,3.8251495025719016,0.08685982846382106
ecmwf_ifs025,wind_mph,2,1312,3.5147331382834253,3.471791322424045
ecmwf_ifs025,humidity_pct,2,1312,9.212855364448497,0.45851024523138084
ecmwf_ifs025,temp_f,3,1312,3.8854942563743626,0.21544214553699192
ecmwf_ifs025,wind_mph,3,1312,3.381791078285267,3.328422419985021
ecmwf_ifs025,humidity_pct,3,1312,9.741826162985083,0.6315285379143075
ecmwf_ifs025,temp_f,4,1312,4.157038531952389,0.31201226748821154
ecmwf_ifs025,wind_mph,4,1312,3.3979745032442232,3.293971200472826
ecmwf_ifs025,humidity_pct,4,1312,10.151033512580698,1.3708578062069907
ecmwf_ifs025,temp_f,5,1312,4.152535273391054,0.020625072366260454
ecmwf_ifs025,wind_mph,5,1312,3.5046753566835895,3.3831480297411187
ecmwf_ifs025,humidity_pct,5,1312,11.486693869460355,2.396010245231381
ecmwf_ifs025,temp_f,6,1312,4.693017822022153,0.034725682122357666
ecmwf_ifs025,wind_mph,6,1312,2.982181940302759,2.7038035175459965
ecmwf_ifs025,humidity_pct,6,1312,11.78180835738797,2.8396078062069905
ecmwf_ifs025,temp_f,7,1312,4.516119958572,0.4405945845613821
ecmwf_ifs025,wind_mph,7,1312,2.8272626955805875,2.557995590716728
ecmwf_ifs025,humidity_pct,7,1312,11.585683207717405,2.307595611085039
gfs_seamless,temp_f,1,1312,3.6969503262437757,1.1573628772443092
gfs_seamless,wind_mph,1,1312,4.647660674081646,4.615998639497216
gfs_seamless,gust_mph,1,1312,6.767713414634146,5.928963414634146
gfs_seamless,humidity_pct,1,1312,13.617079484434948,-11.427160486475938
gfs_seamless,temp_f,2,1312,4.995176259734174,-2.2414938300727645
gfs_seamless,wind_mph,2,1312,2.7420444049269754,2.656394980960631
gfs_seamless,gust_mph,2,1312,3.6367225609756098,1.3010670731707317
gfs_seamless,humidity_pct,2,1312,10.856181636158778,1.143723659865527
gfs_seamless,temp_f,3,1312,5.106920716876268,-2.4103200495849593
gfs_seamless,wind_mph,3,1312,2.5237519859539863,2.37453522486307
gfs_seamless,gust_mph,3,1312,3.720746951219512,0.7729420731707316
gfs_seamless,humidity_pct,3,1312,12.275669453770506,2.3487541476704052
gfs_seamless,temp_f,4,1312,5.445356739652031,-3.001173708121545
gfs_seamless,wind_mph,4,1312,2.6130847576838057,2.448544371204533
gfs_seamless,gust_mph,4,1312,3.910411585365854,1.1654725609756096
gfs_seamless,humidity_pct,4,1312,12.986645567721277,4.353327318402112
gfs_seamless,temp_f,5,1312,5.522707964226878,-2.9162651715361787
gfs_seamless,wind_mph,5,1312,2.6143773798484147,2.3887120541313624
gfs_seamless,gust_mph,5,1312,4.426661585365854,1.1971036585365853
gfs_seamless,humidity_pct,5,1312,12.687191301548285,3.0926565866947957
gfs_seamless,temp_f,6,1312,5.903949309633891,-2.7063566349508132
gfs_seamless,wind_mph,6,1312,2.55789598590179,2.3163035175459967
gfs_seamless,gust_mph,6,1312,4.543475609756098,0.9673780487804878
gfs_seamless,humidity_pct,6,1312,14.371336757392688,4.292351708646014
gfs_seamless,temp_f,7,1312,6.04274732597017,-2.970838342267886
gfs_seamless,wind_mph,7,1312,2.470789398209132,2.1661510785216067
gfs_seamless,gust_mph,7,1312,4.857606707317073,0.7272865853658536
gfs_seamless,humidity_pct,7,1312,14.595269946199789,4.0522602452313805
ncep_nbm_conus,temp_f,1,1312,4.163632296771749,-1.0898170008044719
ncep_nbm_conus,wind_mph,1,1312,2.5724522480596654,2.400754737058192
ncep_nbm_conus,gust_mph,1,1312,3.5212042682926827,2.1730182926829267
ncep_nbm_conus,humidity_pct,1,1312,9.235716371131256,4.748906586694795
ncep_nbm_conus,temp_f,2,1312,4.292809353979753,-1.083338342267886
ncep_nbm_conus,wind_mph,2,1312,2.5549926874972075,2.3761358346191677
ncep_nbm_conus,gust_mph,2,1312,3.6799085365853657,2.1310975609756095
ncep_nbm_conus,humidity_pct,2,1312,9.533728070083237,4.4707053671826005
ncep_nbm_conus,temp_f,3,1312,4.2844535428308195,-0.9680944398288618
ncep_nbm_conus,wind_mph,3,1312,2.524968530830308,2.3156175419362404
ncep_nbm_conus,gust_mph,3,1312,3.7514024390243903,1.9607469512195121
ncep_nbm_conus,humidity_pct,3,1312,9.991611036971364,4.453937074499673
ncep_nbm_conus,temp_f,4,1312,4.274836707457039,-1.0097102934873985
ncep_nbm_conus,wind_mph,4,1312,2.4119618799273947,2.175068761448436
ncep_nbm_conus,gust_mph,4,1312,3.794786585365854,1.635518292682927
ncep_nbm_conus,humidity_pct,4,1312,10.615123544364657,4.317504147670404
ncep_nbm_conus,temp_f,5,1312,4.410372142398731,-0.7923322447069104
ncep_nbm_conus,wind_mph,5,1312,2.156961917001082,1.8675230297411187
ncep_nbm_conus,gust_mph,5,1312,3.781067073170731,1.1182926829268294
ncep_nbm_conus,humidity_pct,5,1312,11.081147200075192,4.021772440353332
ncep_nbm_conus,temp_f,6,1312,4.441757073402717,-0.6629115129995935
ncep_nbm_conus,wind_mph,6,1312,2.028186811552954,1.745114493155753
ncep_nbm_conus,gust_mph,6,1312,3.792789634146341,0.8965701219512197
ncep_nbm_conus,humidity_pct,6,1312,11.092093740616711,4.293113903767966
ncep_nbm_conus,temp_f,7,1312,4.562854701589759,-0.6517072447069103
ncep_nbm_conus,wind_mph,7,1312,1.9250799226120452,1.6828431516923381
ncep_nbm_conus,gust_mph,7,1312,3.747942073170732,0.7474085365853658
ncep_nbm_conus,humidity_pct,7,1312,11.46479133072723,4.143723659865526
